"rep","n","method","R2","RMSE"
1,10,"enet",-465.999926690595,4.57664537041478
1,20,"enet",-1.30802635304785,3.46432868228984
1,50,"enet",-0.354080234813111,3.70122678256345
1,100,"enet",-0.471446212641958,5.11609508792932
1,250,"enet",0.166522213077755,3.44160629102767
1,500,"enet",0.426930987340788,3.49353390019255
1,1000,"enet",0.520486281464955,2.85319412503729
2,10,"enet",0.2419234080798,0.407738276253629
2,20,"enet",0.0730188178375158,6.00360116349444
2,50,"enet",-0.727658423555083,3.28047024962709
2,100,"enet",-0.0196582111757797,3.70725994387936
2,250,"enet",0.123310417854696,3.5306668680821
2,500,"enet",0.249006242306785,3.19904031739103
2,1000,"enet",0.491234922369472,2.94785382529815
3,10,"enet",-34.4463430368372,1.92146891099763
3,20,"enet",-1.27453919846242,4.92126677144522
3,50,"enet",-0.27481703181709,3.26192477323119
3,100,"enet",0.0683312394220523,4.3783792072556
3,250,"enet",0.193711731264284,4.6238229301374
3,500,"enet",0.344171099716805,3.37146951070696
3,1000,"enet",0.562579827583486,3.05610148768912
4,10,"enet",-4.92860388398715,4.31789937352612
4,20,"enet",-1.87764007204209,4.49578257121981
4,50,"enet",-0.377515857143557,3.34792875723594
4,100,"enet",-0.287435457945397,3.70142993927198
4,250,"enet",0.109796704560035,4.35950381064054
4,500,"enet",0.492511486608093,3.24510004276521
4,1000,"enet",0.477621031930588,2.92146756726704
5,10,"enet",-3.85495845055807,7.31867191166767
5,20,"enet",-0.00882435690039318,1.84023332376976
5,50,"enet",-0.935511519899447,6.36018420184426
5,100,"enet",-0.427455046842356,4.46602038449597
5,250,"enet",-0.0518376176728548,4.37449181108135
5,500,"enet",0.489826989174082,3.2279343120941
5,1000,"enet",0.555715146990296,2.83143702162953
6,10,"enet",-0.341649178051904,2.69643994535019
6,20,"enet",-1.39045749846902,2.63701169802033
6,50,"enet",-0.398660683924823,3.35781734657907
6,100,"enet",0.206073443603571,3.42872846329547
6,250,"enet",0.364348919737927,3.9152291099162
6,500,"enet",0.342101895576135,3.5750070483598
6,1000,"enet",0.569036957429682,2.96893569347835
7,10,"enet",-1.52600602466968,6.82722409151757
7,20,"enet",-4.70118845030322,3.70815895961431
7,50,"enet",-0.923341026570781,4.85440649068356
7,100,"enet",0.307219809212553,3.87091529464853
7,250,"enet",0.138615644982174,3.69011691377933
7,500,"enet",0.220996439539387,3.85651811684349
7,1000,"enet",0.559917834080562,2.85929262627834
8,10,"enet",-3.14698146720757,3.78431360001986
8,20,"enet",-0.189841834854506,5.49731552495472
8,50,"enet",-0.546142528465252,4.78229683607714
8,100,"enet",-0.00868915672379034,4.05323204252601
8,250,"enet",0.126166324245464,4.13081015349713
8,500,"enet",0.337723461547758,3.38245612304346
8,1000,"enet",0.474020629845373,3.1317262942121
9,10,"enet",-2.35301221071601,10.2613356917411
9,20,"enet",-0.209404896397855,8.34692756608685
9,50,"enet",-0.0164244113764176,4.56942309837055
9,100,"enet",0.041185071250317,5.553509825432
9,250,"enet",0.254110932361409,3.96620212498957
9,500,"enet",0.29438906373304,3.61077326347765
9,1000,"enet",0.49402688462852,3.05779465922485
10,10,"enet",-3.86508184539033,2.65967691129477
10,20,"enet",-0.014902661005447,6.4909721901262
10,50,"enet",-0.0496844299506736,4.58710119957762
10,100,"enet",-0.152341441540713,4.02587714861648
10,250,"enet",-0.0610029692239424,4.84603496663473
10,500,"enet",0.424886215804755,3.61584907505118
10,1000,"enet",0.539795800092438,2.70622420981082
11,10,"enet",-0.389572974577202,3.02048392030762
11,20,"enet",-2.46509252165003,4.99223738505819
11,50,"enet",0.239736834221505,4.54607369432312
11,100,"enet",0.278345795082844,3.96628683109655
11,250,"enet",-0.0683949632432024,4.18915828078681
11,500,"enet",0.305880982508128,3.55733827425699
11,1000,"enet",0.491378075948592,3.33872364478899
12,10,"enet",-1.29080345229693,2.49167110722381
12,20,"enet",-0.0160604322274438,1.53152161132653
12,50,"enet",0.00674957215807781,3.61177547084895
12,100,"enet",-0.0374674858400974,4.85607442522332
12,250,"enet",0.317646572025786,3.66768781693347
12,500,"enet",0.341825270935185,3.71563835008621
12,1000,"enet",0.475217266391414,3.14201335924695
13,10,"enet",-0.635690958953374,4.96516006493829
13,20,"enet",-0.00541819454692249,2.89226312882302
13,50,"enet",0.0210987025788045,3.13434341904969
13,100,"enet",0.146955039492352,3.94716558043991
13,250,"enet",0.327452916267291,3.8291092442617
13,500,"enet",0.417075427622706,3.91795203506566
13,1000,"enet",0.663374345039235,2.82410594539206
14,10,"enet",-23.8096551471957,5.23387651746361
14,20,"enet",-0.193794699810703,2.92267445078446
14,50,"enet",-0.226358955119546,5.81080884613246
14,100,"enet",-0.401045948437597,4.95373760635017
14,250,"enet",0.108076987221004,4.22869019548721
14,500,"enet",0.243332642769898,3.80967473233385
14,1000,"enet",0.497416448072595,2.90541541317021
15,10,"enet",-26.6386630367904,4.67693810235291
15,20,"enet",-0.77713300646565,1.84618950832173
15,50,"enet",0.0586489406873862,4.3802855650901
15,100,"enet",-0.06437592244255,4.8341289315805
15,250,"enet",0.085073568123773,3.92074863836834
15,500,"enet",0.331917976390001,3.5516324690911
15,1000,"enet",0.574514555889226,2.94135616045878
16,10,"enet",-0.0642605333834345,4.00654021688792
16,20,"enet",-0.185242551702989,4.69508086402203
16,50,"enet",0.255910023511299,2.49900867720437
16,100,"enet",0.0570743233372281,4.25617761575962
16,250,"enet",0.162930200027949,3.86292154421121
16,500,"enet",0.44614986264877,3.08193910859293
16,1000,"enet",0.581419126729119,2.70672033460027
17,10,"enet",-18.6572140892988,1.51016661480259
17,20,"enet",-1.62086998785291,5.99943474689623
17,50,"enet",-0.150372694055783,4.9630798655267
17,100,"enet",0.109914056206972,4.24149465808155
17,250,"enet",0.200811884336494,3.83224730114143
17,500,"enet",0.308921917743328,3.89326453590342
17,1000,"enet",0.545893724637516,3.22171063476274
18,10,"enet",-2.19305056696923,3.76345582182132
18,20,"enet",-0.0610002464764181,4.02180090148051
18,50,"enet",-0.778266407946518,4.72805297137318
18,100,"enet",0.098001516857211,3.67956554487163
18,250,"enet",0.275830463584381,4.0443494121558
18,500,"enet",0.269318089955023,3.51443071323261
18,1000,"enet",0.547360288204445,2.94650098412863
19,10,"enet",-6.12581127449987,9.74169522574179
19,20,"enet",-0.120432330212745,6.46812533362026
19,50,"enet",0.296147836836013,3.82175205005228
19,100,"enet",-0.12490007952993,4.76241384265452
19,250,"enet",0.0488540240344563,4.5245795575934
19,500,"enet",0.306812692443083,3.62921725147544
19,1000,"enet",0.466441593463901,2.92936258845819
20,10,"enet",-15.0689594741023,6.64804329785709
20,20,"enet",-0.127791989333671,2.97928689544252
20,50,"enet",-0.0233667662318184,3.216860290895
20,100,"enet",0.155558408111921,3.9829786196369
20,250,"enet",0.00481596832619235,4.49193144419083
20,500,"enet",0.244421993953,3.43613823142208
20,1000,"enet",0.443694976607219,3.15816374913416
21,10,"enet",-2.04051553989329,2.56682153556082
21,20,"enet",-4.92160169451919,3.5712165385201
21,50,"enet",-0.584058969828065,4.52385799858665
21,100,"enet",0.0292228258140851,3.85661040134162
21,250,"enet",0.0888249576565624,4.40973288605677
21,500,"enet",0.417598412736644,3.60888610018425
21,1000,"enet",0.526770040534416,3.09585915520771
22,10,"enet",-0.816180551051832,2.75570601089467
22,20,"enet",-0.751768048793643,6.35756926029328
22,50,"enet",-0.342398219744753,4.84210177400079
22,100,"enet",-0.492667229619866,4.6259171967381
22,250,"enet",0.0713039076725285,4.54393247470819
22,500,"enet",0.350492234618341,3.45849834133909
22,1000,"enet",0.543449633708602,2.96666108286306
23,10,"enet",-0.462754926653062,0.744957603638393
23,20,"enet",-0.247692651841498,4.41401716756873
23,50,"enet",-0.396017457177784,4.39768370489188
23,100,"enet",0.0129780044335912,3.05774869446842
23,250,"enet",0.149221130618247,3.60289218995038
23,500,"enet",0.308482052412668,3.48646754028759
23,1000,"enet",0.572745076831683,2.83315820210695
24,10,"enet",-8729.03045878341,6.10814950675152
24,20,"enet",-0.739749192505157,6.45721587625358
24,50,"enet",-0.482575395848922,3.23036348055591
24,100,"enet",-0.0158416631947329,3.91267993808836
24,250,"enet",0.0586641382057962,3.69711602403825
24,500,"enet",0.327068186364236,3.65666953894916
24,1000,"enet",0.486193241386699,3.08811913113764
25,10,"enet",-0.0880074874812171,6.47880278439642
25,20,"enet",0.0508084589142587,5.71190502014769
25,50,"enet",-0.109933551521045,5.44517890242279
25,100,"enet",-0.216852698801257,5.03279700721785
25,250,"enet",0.190859625122024,4.02778811367141
25,500,"enet",0.182917859892748,3.73028747147462
25,1000,"enet",0.546450990171299,3.00673953828033
26,10,"enet",-6.62774501455957,7.7492847442553
26,20,"enet",-0.0401792758220747,4.88561160800836
26,50,"enet",-0.212244112008866,4.39816406481003
26,100,"enet",0.182575898157753,6.11556604861766
26,250,"enet",0.0701737489791643,4.08254148395359
26,500,"enet",0.288269835188683,4.10996548363496
26,1000,"enet",0.551368402907839,2.92069341331299
27,10,"enet",-0.953343413699338,7.31457934125964
27,20,"enet",-7.42953977448111,6.31502277761114
27,50,"enet",0.0334040877435284,5.10471644681027
27,100,"enet",0.0300284432657214,4.83116860296269
27,250,"enet",-0.233411004487617,4.60119616918702
27,500,"enet",0.427409812433368,3.42948629138059
27,1000,"enet",0.52446530151718,3.00455150872531
28,10,"enet",-1.11202402680707,4.93489481511502
28,20,"enet",-2.38402903729979,4.40983520046255
28,50,"enet",0.332905130530861,4.49529424422405
28,100,"enet",-0.300139090789704,4.726204564275
28,250,"enet",0.287933496100368,3.43543217060932
28,500,"enet",0.311309363588435,3.4451851880126
28,1000,"enet",0.485049465297645,2.92033550784691
29,10,"enet",-0.7050953883959,3.94588230648535
29,20,"enet",-2.06511756086582,3.92490149219915
29,50,"enet",-0.0503724763211699,5.57597923427614
29,100,"enet",0.0772943509540454,4.44138359382913
29,250,"enet",0.0533731937434551,4.57858143272994
29,500,"enet",0.451179744565952,3.32499840501791
29,1000,"enet",0.611831065400192,2.82859651527257
30,10,"enet",-4.83040432695055,9.00352371075033
30,20,"enet",-2.90499189904919,3.8194748550289
30,50,"enet",-0.526381125381376,5.49914893500596
30,100,"enet",-0.332368953430479,4.62406227914215
30,250,"enet",0.163569311665651,3.90907147538908
30,500,"enet",0.245749695445918,3.58292377418564
30,1000,"enet",0.575340545144839,2.80230842750802
31,10,"enet",-0.00360817349081688,1.38272675904023
31,20,"enet",0.00297359064030578,6.91579143719604
31,50,"enet",0.0610347639009088,3.99386968664126
31,100,"enet",-0.0314918987363737,5.33444339103819
31,250,"enet",0.338233074646118,3.1466630676042
31,500,"enet",0.275393722442192,3.576961025929
31,1000,"enet",0.597820794662882,2.86267586326321
32,10,"enet",-15.2193257812318,9.00008121280255
32,20,"enet",-2.92516120735089,7.42008883609424
32,50,"enet",0.106457531373623,4.57646262312339
32,100,"enet",0.0747175124540327,4.78783034231874
32,250,"enet",0.268316208737325,3.96747423435604
32,500,"enet",0.293423048147235,3.76066257525711
32,1000,"enet",0.54411574689459,2.856882825048
33,10,"enet",-1.01234691420896,1.98223119156686
33,20,"enet",-1.87509895154651,3.7113210445172
33,50,"enet",-0.235538008116016,3.74498821708744
33,100,"enet",-0.230941604065335,4.21879414219855
33,250,"enet",0.167917481454869,4.14595037320868
33,500,"enet",0.461586732807315,3.05547515979251
33,1000,"enet",0.563724755347015,2.85123105406358
34,10,"enet",-69.0534606948247,1.5088579942098
34,20,"enet",-0.413672551926082,3.60326857870193
34,50,"enet",-0.575017662459559,5.80156909393439
34,100,"enet",0.0373816858236777,4.19188315119749
34,250,"enet",0.238483333352238,4.10589978773059
34,500,"enet",0.269871389983209,3.37862608635887
34,1000,"enet",0.495221880206691,2.791815206962
35,10,"enet",-20943.7893792342,4.70715031200626
35,20,"enet",-1.04509872269555,3.2379105582757
35,50,"enet",-0.194122246381969,2.7689503156545
35,100,"enet",0.29632166516052,4.10046022602978
35,250,"enet",0.30651215387374,3.24023263080061
35,500,"enet",0.34556575522094,3.52621046692018
35,1000,"enet",0.510896062925582,3.30814048621994
36,10,"enet",-0.761945669367486,2.29576435452758
36,20,"enet",-0.988542996660371,2.54541266853652
36,50,"enet",-0.515305429569741,2.82343808639455
36,100,"enet",-0.203466190653409,4.11045380465726
36,250,"enet",0.381926266671807,3.60975093645341
36,500,"enet",0.322273855975625,3.48719710404166
36,1000,"enet",0.570177722086924,2.94503369258502
37,10,"enet",-1261.51918964227,0.838427292467997
37,20,"enet",-0.0157475462150525,4.8129543541324
37,50,"enet",0.0980073209128419,4.96444321148827
37,100,"enet",-0.180342143192556,4.80317330846594
37,250,"enet",0.248469568430206,3.58575478370755
37,500,"enet",0.341195194688733,3.53490046740648
37,1000,"enet",0.456521121994155,3.18135029892272
38,10,"enet",-9.68680294823952,1.64798741220846
38,20,"enet",0.0245286275244422,3.52711681529302
38,50,"enet",-9.99940055002035e-06,5.76283084824796
38,100,"enet",0.0677985853815462,3.76566007496075
38,250,"enet",0.136742800219369,3.98528734486674
38,500,"enet",0.353443423568985,3.50044148684611
38,1000,"enet",0.493694386592613,3.09872250353522
39,10,"enet",-35.0135416175723,7.94277631254364
39,20,"enet",-2.85091614643369,4.35384768125219
39,50,"enet",-0.0914651947670393,4.39404477302633
39,100,"enet",-0.00111992687597184,4.18886963434615
39,250,"enet",0.032953904172667,4.24866307180178
39,500,"enet",0.338283992305125,3.92076650699236
39,1000,"enet",0.567971462870828,3.09170133204284
40,10,"enet",-0.239169294307588,3.89708030077122
40,20,"enet",-0.0700079243135334,4.01156415550896
40,50,"enet",0.0236089205692863,6.80244338854589
40,100,"enet",-0.0219739992210897,5.54165288572377
40,250,"enet",0.353164804636159,4.10112739374513
40,500,"enet",0.334593213245039,3.71803004100822
40,1000,"enet",0.539122691780899,3.14952070066238
41,10,"enet",-1350.67697102377,5.46283244538819
41,20,"enet",-8.21017638955175,3.26892466808999
41,50,"enet",-0.38310477959221,3.8293163569093
41,100,"enet",-0.538785843041726,5.02634058111913
41,250,"enet",0.0661355054149496,4.86504367222596
41,500,"enet",0.266939563302333,3.63865638096929
41,1000,"enet",0.572277530117347,2.7344798953802
42,10,"enet",-652.693438395357,6.7509847525935
42,20,"enet",0.0976314982833116,4.1522618213158
42,50,"enet",-0.408978797700607,4.43891347541681
42,100,"enet",0.289867597195372,3.9501441211166
42,250,"enet",-0.0387901983305423,4.16077327659744
42,500,"enet",0.411875875733189,3.43789193368024
42,1000,"enet",0.501412208899756,3.13427239916261
43,10,"enet",-0.147192190441497,2.6624049237493
43,20,"enet",-1.79763711053715,5.34483970228515
43,50,"enet",0.334769995736845,2.68121252798133
43,100,"enet",-0.0314409921268575,3.77308341105634
43,250,"enet",0.382099359043155,3.02343727787119
43,500,"enet",0.401825374934016,3.1611177629865
43,1000,"enet",0.468453485870912,2.79244211442885
44,10,"enet",-3.32818879881556,4.59811590421074
44,20,"enet",-0.12104267511328,4.64898640990489
44,50,"enet",-0.198835320942696,4.85031855702481
44,100,"enet",0.0245891804698696,4.07351096108796
44,250,"enet",0.108891231544438,3.90314409307169
44,500,"enet",0.258302749294581,3.7502874038087
44,1000,"enet",0.614693088589083,2.87575582547686
45,10,"enet",-12.2281949861166,8.55693135747058
45,20,"enet",-1.530826926194,5.5366180805033
45,50,"enet",-0.194582286859951,4.41021254204832
45,100,"enet",-0.461947380020593,4.36668532610627
45,250,"enet",0.111099541720852,3.32072281894937
45,500,"enet",0.222614899723383,3.78418309455094
45,1000,"enet",0.534166106449088,2.82659287768294
46,10,"enet",-6.73162374990203,3.47041207994153
46,20,"enet",-1.11653282346296,4.44881045706105
46,50,"enet",0.0667970246703481,4.02672657618981
46,100,"enet",-0.184099240854844,4.07001477870768
46,250,"enet",0.0611376255263019,3.90065325339189
46,500,"enet",0.213719842799643,3.27928039864433
46,1000,"enet",0.518257519776553,3.04619302937863
47,10,"enet",-6.19161368464044,7.55176147366096
47,20,"enet",0.360487047849531,0.926296150063482
47,50,"enet",-0.0196990245298794,4.22574835163987
47,100,"enet",0.0570340208668373,3.05754063976342
47,250,"enet",0.232083269982557,4.33126461226114
47,500,"enet",0.362636841159657,3.58164168341529
47,1000,"enet",0.506227619580867,3.09738752750659
48,10,"enet",-2.34995882775042,3.92468743994345
48,20,"enet",-3.02729709545489,5.97058668661979
48,50,"enet",-0.284892304798888,5.13305343453596
48,100,"enet",-0.178445176907799,4.18461933929214
48,250,"enet",0.413743971457907,3.37869880974683
48,500,"enet",0.26668585341894,3.32683942728643
48,1000,"enet",0.592268459555454,2.65798094986528
49,10,"enet",-1.25316824015838,4.45799990976406
49,20,"enet",-0.115852343546585,6.47643299939964
49,50,"enet",0.0812446003637631,2.75138479094999
49,100,"enet",0.176227153231236,2.86119605406586
49,250,"enet",0.188154844926588,3.89374131313264
49,500,"enet",0.43413817162219,3.54266537525731
49,1000,"enet",0.527932855402504,2.75261608397052
50,10,"enet",-7.69140401775728,9.52332539691487
50,20,"enet",-0.224325750722324,6.37419724089838
50,50,"enet",-2.24588294608687,4.69378826414342
50,100,"enet",0.0653633320336582,5.5613120020183
50,250,"enet",0.307432396801642,3.7776748359643
50,500,"enet",0.537444143083975,2.9042818016695
50,1000,"enet",0.41923180964586,3.18764069605121
51,10,"enet",0.0770701834865218,2.04151515760856
51,20,"enet",-0.0769698138296169,3.69324252203668
51,50,"enet",-0.0639228083838432,4.12314111088549
51,100,"enet",-0.0489730146879706,4.45588757337163
51,250,"enet",-0.21470303594397,4.73942559079787
51,500,"enet",0.377309907548289,3.56910545984715
51,1000,"enet",0.571428169142722,2.83916163316544
52,10,"enet",-2.15964830738479,8.74531373718127
52,20,"enet",-1.96545981276575,3.85011228887615
52,50,"enet",-8.80573479766777e-05,5.31885424852838
52,100,"enet",0.131356967622837,4.09086753128408
52,250,"enet",0.368730665199002,4.20051514335936
52,500,"enet",0.431212233861692,3.55542671947503
52,1000,"enet",0.523033748148527,2.94237399942976
53,10,"enet",-8.00596794695719,4.63903885770128
53,20,"enet",0.803304606205049,1.27825381035343
53,50,"enet",-0.00965507169537183,7.2662958796947
53,100,"enet",-0.0580907294415107,4.67611078218327
53,250,"enet",0.390381417870028,3.85034270196912
53,500,"enet",0.262686636188543,3.62746639662515
53,1000,"enet",0.570707705734077,2.88609359234753
54,10,"enet",-9.5542866006987,6.76794398979669
54,20,"enet",0.325401659479965,2.68566780006339
54,50,"enet",-0.427140545163818,6.15995131457176
54,100,"enet",-0.0241274826893356,5.05293088097356
54,250,"enet",0.13769759307784,4.07778569149039
54,500,"enet",0.319275075741241,3.19013125467892
54,1000,"enet",0.558820578144793,2.90581289503194
55,10,"enet",0.464329825245514,4.07340072006245
55,20,"enet",-0.4729945024262,6.21074466557382
55,50,"enet",-0.501356277510024,5.34614847844563
55,100,"enet",-0.0612565695757845,4.08697322197536
55,250,"enet",0.0853819969995402,4.03547283198954
55,500,"enet",0.385619955868828,3.68738727023903
55,1000,"enet",0.511201219894989,3.10117900117235
56,10,"enet",-3.08166310682598,2.09812469432967
56,20,"enet",-0.24437133659534,4.30364752263408
56,50,"enet",-0.0730200015265394,2.89065718255
56,100,"enet",-0.0001200848394729,5.28207582488836
56,250,"enet",0.0547493077698633,3.79783845599483
56,500,"enet",0.402825541061536,3.37396308388372
56,1000,"enet",0.555476174764366,2.91678452593571
57,10,"enet",-0.493828744335285,3.28946999021187
57,20,"enet",0.0232651543110047,4.82272970199216
57,50,"enet",-0.143625631384049,4.74449029398982
57,100,"enet",-0.165770395583769,4.487704066874
57,250,"enet",0.324788043937207,3.34070333200969
57,500,"enet",0.163947317507382,3.83977024519032
57,1000,"enet",0.429627680547546,3.04940369472489
58,10,"enet",0.0725017208790244,4.93719331315908
58,20,"enet",-0.0500949578038148,5.42860530326901
58,50,"enet",-2.75020159825979,3.74754800523878
58,100,"enet",0.119567307342008,4.24113133376598
58,250,"enet",-0.096774448082239,3.93939505392231
58,500,"enet",0.290725285640069,3.82596890499194
58,1000,"enet",0.605189080376404,2.96281365364368
59,10,"enet",-0.0131663243603606,8.02116249866101
59,20,"enet",0.23122725496615,3.69767836611686
59,50,"enet",-0.383974529691029,5.14724394327781
59,100,"enet",0.0978988169192128,4.40809113213082
59,250,"enet",0.0683780683732029,4.24700908455768
59,500,"enet",0.40053208019422,3.43638163655319
59,1000,"enet",0.544260125186368,2.82970887672749
60,10,"enet",-0.991248032986013,2.17338564167168
60,20,"enet",-0.443559826724467,4.20810257410742
60,50,"enet",0.129648627562152,5.09889296141907
60,100,"enet",-0.161422277067533,4.21321434444282
60,250,"enet",0.215988008040296,4.50624986205903
60,500,"enet",0.317920838737454,3.37947134584898
60,1000,"enet",0.580227889183877,2.9388517548088
61,10,"enet",-3.130983385593,2.05543945054719
61,20,"enet",-1.67195979963839,2.3173594978502
61,50,"enet",-0.0258875657181237,5.25577380211111
61,100,"enet",-0.035570100846962,5.11753930436514
61,250,"enet",0.0554224319021599,4.5809671428519
61,500,"enet",0.387814359483738,3.44990095320722
61,1000,"enet",0.561738310047281,3.12991529595131
62,10,"enet",-0.802642253857777,4.73042518930793
62,20,"enet",-0.170024832892136,3.53503256678534
62,50,"enet",0.350421908811445,3.00367752923373
62,100,"enet",0.079170834035147,4.31698427836116
62,250,"enet",-0.328724867152072,4.13766603937888
62,500,"enet",0.241260078828458,3.5850823610087
62,1000,"enet",0.458456103317881,3.2909059128086
63,10,"enet",-5.35802308178369,3.31547921963247
63,20,"enet",0.0155473966581005,3.0785479173006
63,50,"enet",-0.37481175136518,4.21305699494085
63,100,"enet",-0.204075468930655,3.51102341910207
63,250,"enet",0.118074338526436,4.29834498952313
63,500,"enet",0.30311981729817,3.58920903144467
63,1000,"enet",0.517506113320105,2.89633357100192
64,10,"enet",-4.84974758135646,4.35264522788473
64,20,"enet",-0.245339460223885,5.12526621389118
64,50,"enet",-0.638778363645425,5.60639591253117
64,100,"enet",0.127722716720052,4.33350089454117
64,250,"enet",0.231567329617586,3.90767462488905
64,500,"enet",0.378615571509042,3.94436243401677
64,1000,"enet",0.524642483508347,2.97960215972612
65,10,"enet",-0.819227894062167,2.90925155424352
65,20,"enet",-0.543159652138914,2.22115868406017
65,50,"enet",0.240176784242742,3.46513040130382
65,100,"enet",-0.0369911336438178,4.50122189982797
65,250,"enet",0.211676476674296,3.28378190959709
65,500,"enet",0.301959492624625,3.73949028293695
65,1000,"enet",0.530247328079802,2.92847435337317
66,10,"enet",-0.845672177712175,4.42552737875555
66,20,"enet",-0.493476159693372,3.49945279479392
66,50,"enet",-0.386299801862594,6.3644504754289
66,100,"enet",0.00248421932400311,3.99441007080619
66,250,"enet",0.413102191663444,3.77223040917361
66,500,"enet",0.423222548011413,3.5999737684836
66,1000,"enet",0.607833243631194,2.75213274690937
67,10,"enet",-2.22736013737293,2.35388724019468
67,20,"enet",0.139757750755369,4.09369457815292
67,50,"enet",0.153343108295613,4.29749791654961
67,100,"enet",0.0414660870001374,4.18287619190876
67,250,"enet",0.207831591166778,3.65685809491395
67,500,"enet",0.307098595771391,3.36019253997389
67,1000,"enet",0.517377108367347,2.91996194011167
68,10,"enet",-37.0225392448353,5.50092007188843
68,20,"enet",-0.369500538807021,4.50405745606346
68,50,"enet",-0.209853154190865,3.95007271232917
68,100,"enet",-0.199458906101972,4.24294341924209
68,250,"enet",0.0173055639470254,4.58789493498477
68,500,"enet",0.350883628476844,3.50513139145943
68,1000,"enet",0.513437181024058,2.96887280134014
69,10,"enet",-3.97380011053489,7.07388114303488
69,20,"enet",-1.14354597229325,4.64563318612671
69,50,"enet",-0.108726583149793,2.92471934535712
69,100,"enet",-2.99643710577335e-06,4.61477578469693
69,250,"enet",0.172158083574909,3.92215659139483
69,500,"enet",0.26606064811686,3.4475728098703
69,1000,"enet",0.572121331898604,2.9018772598497
70,10,"enet",-498.665774826869,5.66697946750823
70,20,"enet",-0.651944187259102,2.52365409651344
70,50,"enet",-0.0530442856313453,5.65539639585737
70,100,"enet",-0.0758203765255736,5.18072100324193
70,250,"enet",0.00990905545190512,4.22456543765896
70,500,"enet",0.242112430611723,3.59818521200706
70,1000,"enet",0.413932385607107,3.28774962159657
71,10,"enet",-7.22943965037487,3.98038535770533
71,20,"enet",-0.82333062995007,3.49668282668652
71,50,"enet",-0.100358907840251,5.59069028262659
71,100,"enet",-0.127405170899043,4.50474122897307
71,250,"enet",0.184514216068444,4.16070334419367
71,500,"enet",0.318816976295223,3.66265139728445
71,1000,"enet",0.546909913412948,3.09831361200253
72,10,"enet",-0.00438362977068052,1.75879889984171
72,20,"enet",-0.963199391971785,4.29359285537142
72,50,"enet",-0.397824499224447,4.46349934061068
72,100,"enet",-0.207503648652871,4.52296260412233
72,250,"enet",0.157450978232184,4.27548675572348
72,500,"enet",0.321503176912328,3.87504202153951
72,1000,"enet",0.481721890216711,3.25515787721721
73,10,"enet",-0.0451337946369734,4.57920904407083
73,20,"enet",-0.934489711997163,4.38375804523851
73,50,"enet",-0.355654072795447,5.15415613559052
73,100,"enet",-0.134514358558006,4.07737266285101
73,250,"enet",0.273041390508269,3.87011811600893
73,500,"enet",0.461478152295413,3.22226733712051
73,1000,"enet",0.544696715873066,2.94148350841233
74,10,"enet",0.868866444856029,0.579905720787472
74,20,"enet",0.144681055567505,1.96352341368446
74,50,"enet",-0.227517808588955,2.6494366140102
74,100,"enet",-0.337765368834801,4.41681431152763
74,250,"enet",0.246617958838524,4.03060550619283
74,500,"enet",0.417518867645114,3.42989351559915
74,1000,"enet",0.656555718569348,2.72083005305352
75,10,"enet",-0.47483321093331,6.03952598559639
75,20,"enet",-0.293782593248511,2.07227521160546
75,50,"enet",0.0606462911307458,5.37631965859121
75,100,"enet",-0.179780163997957,3.84700270202254
75,250,"enet",0.22234067934592,4.77065287557348
75,500,"enet",0.412335427757098,3.68955240477292
75,1000,"enet",0.572915252966888,3.10453778961891
76,10,"enet",-11.7627952622175,2.34257814735554
76,20,"enet",0.393072107135822,3.14470211751039
76,50,"enet",0.0139721475757186,6.82470791675396
76,100,"enet",-0.119983105566449,4.78869993376625
76,250,"enet",0.349603284093155,4.2638356170623
76,500,"enet",0.341869724358541,3.55047349718578
76,1000,"enet",0.550680821528857,2.84905640234903
77,10,"enet",-69.9629733749685,8.08176799426582
77,20,"enet",-5.85997956762755,3.38051810496929
77,50,"enet",-0.227416340796941,6.42586397948538
77,100,"enet",-0.0725946440401632,4.09997628573901
77,250,"enet",0.150520180079985,4.79491736000489
77,500,"enet",0.290662141874317,3.97442425684278
77,1000,"enet",0.563018684798205,2.82060009085937
78,10,"enet",-1.63031644226121,2.69779190361506
78,20,"enet",-2.42169592797194,3.20684630903305
78,50,"enet",0.326732382736826,2.8306898522381
78,100,"enet",0.0622810969326499,3.32526501622835
78,250,"enet",0.236191198622113,3.71712682068113
78,500,"enet",0.306098561582839,3.45441411140697
78,1000,"enet",0.606743281836931,2.57768846153319
79,10,"enet",-75.3733107825112,2.74501286591263
79,20,"enet",-0.814891530221506,2.17712748849775
79,50,"enet",0.162093560139922,3.89457488241259
79,100,"enet",0.0797545871119125,4.37089621899704
79,250,"enet",0.118552806266743,3.78698818525466
79,500,"enet",0.411080405973848,3.62447389714454
79,1000,"enet",0.602063561443587,2.66279387653868
80,10,"enet",0.344326608489128,3.54683794050914
80,20,"enet",-4.51610250485876,6.60018711620102
80,50,"enet",-0.43542532922788,4.08836850276918
80,100,"enet",-0.0611349298451129,4.26828179978552
80,250,"enet",0.171496862631507,3.91919371593062
80,500,"enet",0.344173891537934,3.13574172273349
80,1000,"enet",0.489806455439805,2.86411930925171
81,10,"enet",-8.98396050916794e-05,2.88935576545048
81,20,"enet",-0.22376484557385,4.32874593969604
81,50,"enet",-1.44382202615922e-05,4.74131666679977
81,100,"enet",-0.141751000623962,4.41693194571972
81,250,"enet",0.109057236454341,3.99358616523317
81,500,"enet",0.402837332208567,3.36532409646174
81,1000,"enet",0.570284680527616,2.90500662190908
82,10,"enet",-0.495844413192717,4.44213846594831
82,20,"enet",0.00272289225472688,3.40250080986775
82,50,"enet",-0.575266175105259,2.7459442899698
82,100,"enet",-0.0693245642020435,4.87070183911998
82,250,"enet",-0.0989569397294758,3.50685765625673
82,500,"enet",0.289167864322541,3.13006769146716
82,1000,"enet",0.524418354511911,2.74525044999826
83,10,"enet",-1906.88302431111,2.24928441686317
83,20,"enet",-0.728139646182852,3.79535876981153
83,50,"enet",0.183367702560458,3.53250422543881
83,100,"enet",-0.0743394103886421,3.66088003245787
83,250,"enet",0.355868381600233,3.55942876910368
83,500,"enet",0.399731597136082,3.30473987659689
83,1000,"enet",0.574915338448299,3.04077051652824
84,10,"enet",-4.38314580000182,3.95507524599316
84,20,"enet",-1.14450412157799,7.54990426255124
84,50,"enet",0.231698001206075,4.14557529483276
84,100,"enet",-0.232605921123998,4.20906443214037
84,250,"enet",0.0450806892326833,4.2030824495633
84,500,"enet",0.305088154057962,3.52780534551795
84,1000,"enet",0.578065078732148,2.88006614748896
85,10,"enet",-349.9645421963,4.74417164492862
85,20,"enet",-0.142718709604006,3.3039057184709
85,50,"enet",0.271697981736627,2.23902998040566
85,100,"enet",0.0481458342165743,3.66132544888346
85,250,"enet",0.0886497278180619,3.01927434898362
85,500,"enet",0.409804380356452,3.17740289915504
85,1000,"enet",0.569538635889839,2.82778062346173
86,10,"enet",-3.68030224670718,6.40053595511292
86,20,"enet",-0.186082647869652,6.42716198018361
86,50,"enet",-0.180381257440809,4.7342526326104
86,100,"enet",0.172270512248768,4.67248441145033
86,250,"enet",0.161724358080992,4.66368227196929
86,500,"enet",0.384628635451786,3.40477930327045
86,1000,"enet",0.477548989105774,3.07296863503859
87,10,"enet",-0.011601874342791,5.60678142193916
87,20,"enet",-0.0030917297928057,6.56931813271969
87,50,"enet",-0.022183427892656,3.70148497405197
87,100,"enet",-0.664432175486259,6.11988826884338
87,250,"enet",0.166228160424732,3.96506946914087
87,500,"enet",0.372036808280988,4.04503434042091
87,1000,"enet",0.539128132517362,3.01580259726019
88,10,"enet",-8.90999993415562,1.66072393170699
88,20,"enet",-1.33725141875678,6.66248145073153
88,50,"enet",-1.24272166076219,4.06651232331513
88,100,"enet",-0.466677891105008,4.8532937645717
88,250,"enet",0.198235360140448,4.1583778194367
88,500,"enet",0.40201561830011,3.11439947362064
88,1000,"enet",0.579578839086073,3.0537497045906
89,10,"enet",-0.00145181107747772,0.997444431764771
89,20,"enet",-0.276119371428366,5.47335769540805
89,50,"enet",-0.158700629343776,5.93275446397953
89,100,"enet",-0.0164979722211536,3.88913226612477
89,250,"enet",0.300621027696356,3.90826861390901
89,500,"enet",0.343264048009373,3.33525061564851
89,1000,"enet",0.553969858543312,2.95982991241204
90,10,"enet",-0.127013086306401,7.6798539842418
90,20,"enet",0.0811252901562594,4.96898564925228
90,50,"enet",0.081360748239742,2.76132094906382
90,100,"enet",0.0444738166804557,4.39752774447626
90,250,"enet",0.268071949022499,3.99243781764341
90,500,"enet",0.318569255508348,3.729863410471
90,1000,"enet",0.532900507351615,2.99505734069514
91,10,"enet",-66.4160930201984,6.013647788092
91,20,"enet",-0.987187492579234,3.58653433597432
91,50,"enet",-0.112229638263224,5.44712176732193
91,100,"enet",-0.0971978948110979,4.2509914166197
91,250,"enet",-0.0672235737361211,3.58482948058275
91,500,"enet",0.344778818005708,3.46338438364461
91,1000,"enet",0.547973131019137,3.03135853012645
92,10,"enet",0.0964347985152608,1.80660469761309
92,20,"enet",-7.50240416149695,4.86066782378176
92,50,"enet",-0.284632616152368,4.31312025494921
92,100,"enet",-0.0989039261373803,3.53469872607243
92,250,"enet",0.216774395656726,4.33801602582263
92,500,"enet",0.260746252390162,3.69482239656353
92,1000,"enet",0.411113318685053,2.97330018253705
93,10,"enet",-9.69620423634054,5.19271901221266
93,20,"enet",-1.72317907479399,4.4918417199392
93,50,"enet",0.122599355150484,3.72301705787179
93,100,"enet",-0.00600102647148804,4.42683710028919
93,250,"enet",0.195515449437189,4.2137626179032
93,500,"enet",0.410556890699577,3.77155348422456
93,1000,"enet",0.608439103465826,2.81058736796228
94,10,"enet",-64.6319143504467,8.94596062174233
94,20,"enet",-0.0121649651407858,3.7181101669037
94,50,"enet",-0.225113478228029,5.53479996578363
94,100,"enet",-0.0283007545269005,5.21033148415654
94,250,"enet",-0.050969704237225,3.90268013919801
94,500,"enet",0.243547793873772,3.09593876318319
94,1000,"enet",0.467321102897645,2.93347853752608
95,10,"enet",-3.21462270476857,2.08483235588617
95,20,"enet",-0.138592720085256,1.28611411685446
95,50,"enet",-0.361943930479133,4.93347306433085
95,100,"enet",-0.431457342303072,4.46367727156628
95,250,"enet",0.0212692546874074,3.76936373302948
95,500,"enet",0.370159268687704,3.52464190240844
95,1000,"enet",0.540095711115615,3.1991961255989
96,10,"enet",-0.97324013139876,3.86029149792891
96,20,"enet",-0.178108426492811,3.61310543839857
96,50,"enet",-0.228919202377362,4.13843708448901
96,100,"enet",-0.0823103913142791,4.6257890863803
96,250,"enet",0.222999650152579,3.89259724478238
96,500,"enet",0.49187610102888,3.55230942385515
96,1000,"enet",0.452974762538593,2.91582579768622
97,10,"enet",-49.0737093777706,3.00899194464567
97,20,"enet",-0.782473456618543,4.06205047922829
97,50,"enet",-0.175686843307856,3.17940100586959
97,100,"enet",-0.0107159514519026,4.99324053279001
97,250,"enet",0.113059511030382,4.02834835165765
97,500,"enet",0.37240920703134,3.27890046010612
97,1000,"enet",0.523781230632114,2.97275851231671
98,10,"enet",-0.329706606842161,3.59653714599518
98,20,"enet",-0.796555372091097,4.16560704838761
98,50,"enet",-0.284371208270859,4.41532822747207
98,100,"enet",-0.0813836800235916,5.34968524120055
98,250,"enet",0.161000652740038,4.05925422788399
98,500,"enet",0.31290905194169,3.13376170651
98,1000,"enet",0.497255366518681,3.05194980324796
99,10,"enet",-0.585717857292645,4.35771378918836
99,20,"enet",-0.347615432494174,3.79757048448747
99,50,"enet",0.0592622171935373,6.02567745767247
99,100,"enet",0.210545968621517,3.73152418223127
99,250,"enet",0.111844587908843,4.21863161181932
99,500,"enet",0.386014368387644,3.45100181350373
99,1000,"enet",0.533340623892852,2.92716834136081
100,10,"enet",-2.11754025770219,5.23639820771145
100,20,"enet",-0.0971019997524878,2.96619902208074
100,50,"enet",-0.495329398627763,5.57553439374572
100,100,"enet",0.0982283561133686,3.51619277126862
100,250,"enet",0.0945184010342843,4.13664365338995
100,500,"enet",0.213039843765261,3.24574368171159
100,1000,"enet",0.533213292316998,2.82490754395326
